Tabela,Característica,Universo,APOND,Código,Categoria,Contagem agregada,Percentual bruto (%),Percentual no domínio aplicável (%),Fora do domínio aplicável?,Denominador observado,Denominador no domínio aplicável,Regra do domínio aplicável
E01,Circulação da via,Domicílios,3527306001,V05001,"Caminhão, ônibus",4697.0,91.18617744127354,91.18617744127354,NÃO,5151.0,5151.0,Domínio aplicável = categorias substantivas de circulação; Saltado fica fora.
E01,Circulação da via,Domicílios,3527306001,V05002,Carros de passeio ou van,454.0,8.81382255872646,8.81382255872646,NÃO,5151.0,5151.0,Domínio aplicável = categorias substantivas de circulação; Saltado fica fora.
E01,Circulação da via,Domicílios,3527306001,V05003,"Pedestres, bicicletas e motocicletas",0.0,0.0,0.0,NÃO,5151.0,5151.0,Domínio aplicável = categorias substantivas de circulação; Saltado fica fora.
E01,Circulação da via,Domicílios,3527306001,V05004,Aquavia,0.0,0.0,0.0,NÃO,5151.0,5151.0,Domínio aplicável = categorias substantivas de circulação; Saltado fica fora.
E01,Circulação da via,Domicílios,3527306001,V05005,Saltado,0.0,0.0,,SIM,5151.0,5151.0,Domínio aplicável = categorias substantivas de circulação; Saltado fica fora.
E01,Circulação da via,Moradores,3527306001,V05201,"Caminhão, ônibus",13827.0,91.30951594796277,91.30951594796277,NÃO,15143.0,15143.0,Domínio aplicável = categorias substantivas de circulação; Saltado fica fora.
E01,Circulação da via,Moradores,3527306001,V05202,Carros de passeio ou van,1316.0,8.690484052037245,8.690484052037245,NÃO,15143.0,15143.0,Domínio aplicável = categorias substantivas de circulação; Saltado fica fora.
E01,Circulação da via,Moradores,3527306001,V05203,"Pedestres, bicicletas e motocicletas",0.0,0.0,0.0,NÃO,15143.0,15143.0,Domínio aplicável = categorias substantivas de circulação; Saltado fica fora.
E01,Circulação da via,Moradores,3527306001,V05204,Aquavia,0.0,0.0,0.0,NÃO,15143.0,15143.0,Domínio aplicável = categorias substantivas de circulação; Saltado fica fora.
E01,Circulação da via,Moradores,3527306001,V05205,Saltado,0.0,0.0,,SIM,15143.0,15143.0,Domínio aplicável = categorias substantivas de circulação; Saltado fica fora.
E01,Circulação da via,Faces,3527306001,V05401,"Caminhão, ônibus",705.0,88.9029003783102,88.9029003783102,NÃO,793.0,793.0,Domínio aplicável = categorias substantivas de circulação; Saltado fica fora.
E01,Circulação da via,Faces,3527306001,V05402,Carros de passeio ou van,71.0,8.953341740226985,8.953341740226985,NÃO,793.0,793.0,Domínio aplicável = categorias substantivas de circulação; Saltado fica fora.
E01,Circulação da via,Faces,3527306001,V05403,"Pedestres, bicicletas e motocicletas",17.0,2.1437578814627996,2.1437578814627996,NÃO,793.0,793.0,Domínio aplicável = categorias substantivas de circulação; Saltado fica fora.
E01,Circulação da via,Faces,3527306001,V05404,Aquavia,0.0,0.0,0.0,NÃO,793.0,793.0,Domínio aplicável = categorias substantivas de circulação; Saltado fica fora.
E01,Circulação da via,Faces,3527306001,V05405,Saltado,0.0,0.0,,SIM,793.0,793.0,Domínio aplicável = categorias substantivas de circulação; Saltado fica fora.
E02,Pavimentação,Domicílios,3527306001,V05006,Sim,5049.0,98.01980198019803,98.01980198019803,NÃO,5151.0,5151.0,Domínio aplicável = Sim + Não; Não declarado coincide com circulação Aquavia + Saltado.
E02,Pavimentação,Domicílios,3527306001,V05007,Não,102.0,1.9801980198019802,1.9801980198019802,NÃO,5151.0,5151.0,Domínio aplicável = Sim + Não; Não declarado coincide com circulação Aquavia + Saltado.
E02,Pavimentação,Domicílios,3527306001,V05008,Não declarado,0.0,0.0,,SIM,5151.0,5151.0,Domínio aplicável = Sim + Não; Não declarado coincide com circulação Aquavia + Saltado.
E02,Pavimentação,Moradores,3527306001,V05206,Sim,14848.0,98.05190517070594,98.05190517070594,NÃO,15143.0,15143.0,Domínio aplicável = Sim + Não; Não declarado coincide com circulação Aquavia + Saltado.
E02,Pavimentação,Moradores,3527306001,V05207,Não,295.0,1.9480948292940632,1.9480948292940632,NÃO,15143.0,15143.0,Domínio aplicável = Sim + Não; Não declarado coincide com circulação Aquavia + Saltado.
E02,Pavimentação,Moradores,3527306001,V05208,Não declarado,0.0,0.0,,SIM,15143.0,15143.0,Domínio aplicável = Sim + Não; Não declarado coincide com circulação Aquavia + Saltado.
E02,Pavimentação,Faces,3527306001,V05406,Sim,773.0,97.47793190416141,97.47793190416141,NÃO,793.0,793.0,Domínio aplicável = Sim + Não; Não declarado coincide com circulação Aquavia + Saltado.
E02,Pavimentação,Faces,3527306001,V05407,Não,20.0,2.5220680958385877,2.5220680958385877,NÃO,793.0,793.0,Domínio aplicável = Sim + Não; Não declarado coincide com circulação Aquavia + Saltado.
E02,Pavimentação,Faces,3527306001,V05408,Não declarado,0.0,0.0,,SIM,793.0,793.0,Domínio aplicável = Sim + Não; Não declarado coincide com circulação Aquavia + Saltado.
E03,Bueiro / boca de lobo,Domicílios,3527306001,V05009,Sim,4762.0,92.4480683362454,92.4480683362454,NÃO,5151.0,5151.0,Domínio aplicável = Sim + Não; Não declarado coincide com circulação Aquavia + Saltado.
E03,Bueiro / boca de lobo,Domicílios,3527306001,V05010,Não,389.0,7.55193166375461,7.55193166375461,NÃO,5151.0,5151.0,Domínio aplicável = Sim + Não; Não declarado coincide com circulação Aquavia + Saltado.
E03,Bueiro / boca de lobo,Domicílios,3527306001,V05011,Não declarado,0.0,0.0,,SIM,5151.0,5151.0,Domínio aplicável = Sim + Não; Não declarado coincide com circulação Aquavia + Saltado.
E03,Bueiro / boca de lobo,Moradores,3527306001,V05209,Sim,14016.0,92.55761738096811,92.55761738096811,NÃO,15143.0,15143.0,Domínio aplicável = Sim + Não; Não declarado coincide com circulação Aquavia + Saltado.
E03,Bueiro / boca de lobo,Moradores,3527306001,V05210,Não,1127.0,7.442382619031895,7.442382619031895,NÃO,15143.0,15143.0,Domínio aplicável = Sim + Não; Não declarado coincide com circulação Aquavia + Saltado.
E03,Bueiro / boca de lobo,Moradores,3527306001,V05211,Não declarado,0.0,0.0,,SIM,15143.0,15143.0,Domínio aplicável = Sim + Não; Não declarado coincide com circulação Aquavia + Saltado.
E03,Bueiro / boca de lobo,Faces,3527306001,V05409,Sim,718.0,90.54224464060529,90.54224464060529,NÃO,793.0,793.0,Domínio aplicável = Sim + Não; Não declarado coincide com circulação Aquavia + Saltado.
E03,Bueiro / boca de lobo,Faces,3527306001,V05410,Não,75.0,9.457755359394703,9.457755359394703,NÃO,793.0,793.0,Domínio aplicável = Sim + Não; Não declarado coincide com circulação Aquavia + Saltado.
E03,Bueiro / boca de lobo,Faces,3527306001,V05411,Não declarado,0.0,0.0,,SIM,793.0,793.0,Domínio aplicável = Sim + Não; Não declarado coincide com circulação Aquavia + Saltado.
E04,Iluminação pública,Domicílios,3527306001,V05012,Sim,5126.0,99.51465734808775,99.51465734808775,NÃO,5151.0,5151.0,Domínio aplicável = Sim + Não; Não declarado coincide com circulação Aquavia + Saltado.
E04,Iluminação pública,Domicílios,3527306001,V05013,Não,25.0,0.48534265191225,0.48534265191225,NÃO,5151.0,5151.0,Domínio aplicável = Sim + Não; Não declarado coincide com circulação Aquavia + Saltado.
E04,Iluminação pública,Domicílios,3527306001,V05014,Não declarado,0.0,0.0,,SIM,5151.0,5151.0,Domínio aplicável = Sim + Não; Não declarado coincide com circulação Aquavia + Saltado.
E04,Iluminação pública,Moradores,3527306001,V05212,Sim,15061.0,99.45849567456911,99.45849567456911,NÃO,15143.0,15143.0,Domínio aplicável = Sim + Não; Não declarado coincide com circulação Aquavia + Saltado.
E04,Iluminação pública,Moradores,3527306001,V05213,Não,82.0,0.5415043254308921,0.5415043254308921,NÃO,15143.0,15143.0,Domínio aplicável = Sim + Não; Não declarado coincide com circulação Aquavia + Saltado.
E04,Iluminação pública,Moradores,3527306001,V05214,Não declarado,0.0,0.0,,SIM,15143.0,15143.0,Domínio aplicável = Sim + Não; Não declarado coincide com circulação Aquavia + Saltado.
E04,Iluminação pública,Faces,3527306001,V05412,Sim,776.0,97.8562421185372,97.8562421185372,NÃO,793.0,793.0,Domínio aplicável = Sim + Não; Não declarado coincide com circulação Aquavia + Saltado.
E04,Iluminação pública,Faces,3527306001,V05413,Não,17.0,2.1437578814627996,2.1437578814627996,NÃO,793.0,793.0,Domínio aplicável = Sim + Não; Não declarado coincide com circulação Aquavia + Saltado.
E04,Iluminação pública,Faces,3527306001,V05414,Não declarado,0.0,0.0,,SIM,793.0,793.0,Domínio aplicável = Sim + Não; Não declarado coincide com circulação Aquavia + Saltado.
E05,Ponto de ônibus,Domicílios,3527306001,V05015,Sim,496.0,9.629198213939041,9.629198213939041,NÃO,5151.0,5151.0,Domínio aplicável = Sim + Não; Não declarado coincide com circulação Aquavia + Saltado.
E05,Ponto de ônibus,Domicílios,3527306001,V05016,Não,4655.0,90.37080178606097,90.37080178606097,NÃO,5151.0,5151.0,Domínio aplicável = Sim + Não; Não declarado coincide com circulação Aquavia + Saltado.
E05,Ponto de ônibus,Domicílios,3527306001,V05017,Não declarado,0.0,0.0,,SIM,5151.0,5151.0,Domínio aplicável = Sim + Não; Não declarado coincide com circulação Aquavia + Saltado.
E05,Ponto de ônibus,Moradores,3527306001,V05215,Sim,1404.0,9.271610645182593,9.271610645182593,NÃO,15143.0,15143.0,Domínio aplicável = Sim + Não; Não declarado coincide com circulação Aquavia + Saltado.
E05,Ponto de ônibus,Moradores,3527306001,V05216,Não,13739.0,90.72838935481741,90.72838935481741,NÃO,15143.0,15143.0,Domínio aplicável = Sim + Não; Não declarado coincide com circulação Aquavia + Saltado.
E05,Ponto de ônibus,Moradores,3527306001,V05217,Não declarado,0.0,0.0,,SIM,15143.0,15143.0,Domínio aplicável = Sim + Não; Não declarado coincide com circulação Aquavia + Saltado.
E05,Ponto de ônibus,Faces,3527306001,V05415,Sim,94.0,11.853720050441362,11.853720050441362,NÃO,793.0,793.0,Domínio aplicável = Sim + Não; Não declarado coincide com circulação Aquavia + Saltado.
E05,Ponto de ônibus,Faces,3527306001,V05416,Não,699.0,88.14627994955863,88.14627994955863,NÃO,793.0,793.0,Domínio aplicável = Sim + Não; Não declarado coincide com circulação Aquavia + Saltado.
E05,Ponto de ônibus,Faces,3527306001,V05417,Não declarado,0.0,0.0,,SIM,793.0,793.0,Domínio aplicável = Sim + Não; Não declarado coincide com circulação Aquavia + Saltado.
E06,Via sinalizada para bicicleta,Domicílios,3527306001,V05018,Sim,160.0,3.1061929722384,3.1061929722384,NÃO,5151.0,5151.0,Domínio aplicável = Sim + Não; Não declarado coincide com circulação Aquavia + Saltado.
E06,Via sinalizada para bicicleta,Domicílios,3527306001,V05019,Não,4991.0,96.8938070277616,96.8938070277616,NÃO,5151.0,5151.0,Domínio aplicável = Sim + Não; Não declarado coincide com circulação Aquavia + Saltado.
E06,Via sinalizada para bicicleta,Domicílios,3527306001,V05020,Não declarado,0.0,0.0,,SIM,5151.0,5151.0,Domínio aplicável = Sim + Não; Não declarado coincide com circulação Aquavia + Saltado.
E06,Via sinalizada para bicicleta,Moradores,3527306001,V05218,Sim,432.0,2.852803275440798,2.852803275440798,NÃO,15143.0,15143.0,Domínio aplicável = Sim + Não; Não declarado coincide com circulação Aquavia + Saltado.
E06,Via sinalizada para bicicleta,Moradores,3527306001,V05219,Não,14711.0,97.14719672455921,97.14719672455921,NÃO,15143.0,15143.0,Domínio aplicável = Sim + Não; Não declarado coincide com circulação Aquavia + Saltado.
E06,Via sinalizada para bicicleta,Moradores,3527306001,V05220,Não declarado,0.0,0.0,,SIM,15143.0,15143.0,Domínio aplicável = Sim + Não; Não declarado coincide com circulação Aquavia + Saltado.
E06,Via sinalizada para bicicleta,Faces,3527306001,V05418,Sim,16.0,2.01765447667087,2.01765447667087,NÃO,793.0,793.0,Domínio aplicável = Sim + Não; Não declarado coincide com circulação Aquavia + Saltado.
E06,Via sinalizada para bicicleta,Faces,3527306001,V05419,Não,777.0,97.98234552332913,97.98234552332913,NÃO,793.0,793.0,Domínio aplicável = Sim + Não; Não declarado coincide com circulação Aquavia + Saltado.
E06,Via sinalizada para bicicleta,Faces,3527306001,V05420,Não declarado,0.0,0.0,,SIM,793.0,793.0,Domínio aplicável = Sim + Não; Não declarado coincide com circulação Aquavia + Saltado.
E07,Calçada,Domicílios,3527306001,V05021,Sim,4746.0,92.13744903902155,92.13744903902155,NÃO,5151.0,5151.0,Domínio aplicável = Sim + Não; Não declarado coincide com circulação Aquavia + Saltado.
E07,Calçada,Domicílios,3527306001,V05022,Não,405.0,7.862550960978451,7.862550960978451,NÃO,5151.0,5151.0,Domínio aplicável = Sim + Não; Não declarado coincide com circulação Aquavia + Saltado.
E07,Calçada,Domicílios,3527306001,V05023,Não declarado,0.0,0.0,,SIM,5151.0,5151.0,Domínio aplicável = Sim + Não; Não declarado coincide com circulação Aquavia + Saltado.
E07,Calçada,Moradores,3527306001,V05221,Sim,13992.0,92.39912831011029,92.39912831011029,NÃO,15143.0,15143.0,Domínio aplicável = Sim + Não; Não declarado coincide com circulação Aquavia + Saltado.
E07,Calçada,Moradores,3527306001,V05222,Não,1151.0,7.600871689889718,7.600871689889718,NÃO,15143.0,15143.0,Domínio aplicável = Sim + Não; Não declarado coincide com circulação Aquavia + Saltado.
E07,Calçada,Moradores,3527306001,V05223,Não declarado,0.0,0.0,,SIM,15143.0,15143.0,Domínio aplicável = Sim + Não; Não declarado coincide com circulação Aquavia + Saltado.
E07,Calçada,Faces,3527306001,V05421,Sim,646.0,81.46279949558638,81.46279949558638,NÃO,793.0,793.0,Domínio aplicável = Sim + Não; Não declarado coincide com circulação Aquavia + Saltado.
E07,Calçada,Faces,3527306001,V05422,Não,147.0,18.53720050441362,18.53720050441362,NÃO,793.0,793.0,Domínio aplicável = Sim + Não; Não declarado coincide com circulação Aquavia + Saltado.
E07,Calçada,Faces,3527306001,V05423,Não declarado,0.0,0.0,,SIM,793.0,793.0,Domínio aplicável = Sim + Não; Não declarado coincide com circulação Aquavia + Saltado.
E08,Obstáculo na calçada,Domicílios,3527306001,V05024,Sim,4534.0,88.02174335080566,95.5330804888327,NÃO,5151.0,4746.0,Domínio aplicável = Sim + Não; Não declarado coincide com ausência/não aplicação de calçada.
E08,Obstáculo na calçada,Domicílios,3527306001,V05025,Não,212.0,4.11570568821588,4.466919511167299,NÃO,5151.0,4746.0,Domínio aplicável = Sim + Não; Não declarado coincide com ausência/não aplicação de calçada.
E08,Obstáculo na calçada,Domicílios,3527306001,V05026,Não declarado,405.0,7.862550960978451,,SIM,5151.0,4746.0,Domínio aplicável = Sim + Não; Não declarado coincide com ausência/não aplicação de calçada.
E08,Obstáculo na calçada,Moradores,3527306001,V05224,Sim,13377.0,88.3378458693786,95.60463121783876,NÃO,15143.0,13992.0,Domínio aplicável = Sim + Não; Não declarado coincide com ausência/não aplicação de calçada.
E08,Obstáculo na calçada,Moradores,3527306001,V05225,Não,615.0,4.061282440731691,4.395368782161235,NÃO,15143.0,13992.0,Domínio aplicável = Sim + Não; Não declarado coincide com ausência/não aplicação de calçada.
E08,Obstáculo na calçada,Moradores,3527306001,V05226,Não declarado,1151.0,7.600871689889718,,SIM,15143.0,13992.0,Domínio aplicável = Sim + Não; Não declarado coincide com ausência/não aplicação de calçada.
E08,Obstáculo na calçada,Faces,3527306001,V05424,Sim,577.0,72.76166456494325,89.3188854489164,NÃO,793.0,646.0,Domínio aplicável = Sim + Não; Não declarado coincide com ausência/não aplicação de calçada.
E08,Obstáculo na calçada,Faces,3527306001,V05425,Não,69.0,8.701134930643127,10.68111455108359,NÃO,793.0,646.0,Domínio aplicável = Sim + Não; Não declarado coincide com ausência/não aplicação de calçada.
E08,Obstáculo na calçada,Faces,3527306001,V05426,Não declarado,147.0,18.53720050441362,,SIM,793.0,646.0,Domínio aplicável = Sim + Não; Não declarado coincide com ausência/não aplicação de calçada.
E09,Rampa para cadeirante,Domicílios,3527306001,V05027,Sim,33.0,0.64065230052417,0.695322376738306,NÃO,5151.0,4746.0,Domínio aplicável = Sim + Não; Não declarado coincide com ausência/não aplicação de calçada.
E09,Rampa para cadeirante,Domicílios,3527306001,V05028,Não,4713.0,91.49679673849738,99.3046776232617,NÃO,5151.0,4746.0,Domínio aplicável = Sim + Não; Não declarado coincide com ausência/não aplicação de calçada.
E09,Rampa para cadeirante,Domicílios,3527306001,V05029,Não declarado,405.0,7.862550960978451,,SIM,5151.0,4746.0,Domínio aplicável = Sim + Não; Não declarado coincide com ausência/não aplicação de calçada.
E09,Rampa para cadeirante,Moradores,3527306001,V05227,Sim,94.0,0.6207488608598032,0.6718124642652945,NÃO,15143.0,13992.0,Domínio aplicável = Sim + Não; Não declarado coincide com ausência/não aplicação de calçada.
E09,Rampa para cadeirante,Moradores,3527306001,V05228,Não,13898.0,91.77837944925048,99.3281875357347,NÃO,15143.0,13992.0,Domínio aplicável = Sim + Não; Não declarado coincide com ausência/não aplicação de calçada.
E09,Rampa para cadeirante,Moradores,3527306001,V05229,Não declarado,1151.0,7.600871689889718,,SIM,15143.0,13992.0,Domínio aplicável = Sim + Não; Não declarado coincide com ausência/não aplicação de calçada.
E09,Rampa para cadeirante,Faces,3527306001,V05427,Sim,16.0,2.01765447667087,2.476780185758514,NÃO,793.0,646.0,Domínio aplicável = Sim + Não; Não declarado coincide com ausência/não aplicação de calçada.
E09,Rampa para cadeirante,Faces,3527306001,V05428,Não,630.0,79.44514501891551,97.52321981424149,NÃO,793.0,646.0,Domínio aplicável = Sim + Não; Não declarado coincide com ausência/não aplicação de calçada.
E09,Rampa para cadeirante,Faces,3527306001,V05429,Não declarado,147.0,18.53720050441362,,SIM,793.0,646.0,Domínio aplicável = Sim + Não; Não declarado coincide com ausência/não aplicação de calçada.
E10,Arborização,Domicílios,3527306001,V05030,Sem árvores,626.0,12.15298000388274,12.15298000388274,NÃO,5151.0,5151.0,Domínio aplicável = classes substantivas de arborização; Saltado fica fora.
E10,Arborização,Domicílios,3527306001,V05031,1 a 2 árvores,1233.0,23.937099592312173,23.937099592312173,NÃO,5151.0,5151.0,Domínio aplicável = classes substantivas de arborização; Saltado fica fora.
E10,Arborização,Domicílios,3527306001,V05032,3 a 4 árvores,921.0,17.88002329644729,17.88002329644729,NÃO,5151.0,5151.0,Domínio aplicável = classes substantivas de arborização; Saltado fica fora.
E10,Arborização,Domicílios,3527306001,V05033,5 ou mais árvores,2371.0,46.02989710735779,46.02989710735779,NÃO,5151.0,5151.0,Domínio aplicável = classes substantivas de arborização; Saltado fica fora.
E10,Arborização,Domicílios,3527306001,V05034,Saltado,0.0,0.0,,SIM,5151.0,5151.0,Domínio aplicável = classes substantivas de arborização; Saltado fica fora.
E10,Arborização,Moradores,3527306001,V05230,Sem árvores,1814.0,11.979132272337054,11.979132272337054,NÃO,15143.0,15143.0,Domínio aplicável = classes substantivas de arborização; Saltado fica fora.
E10,Arborização,Moradores,3527306001,V05231,1 a 2 árvores,3578.0,23.628078980386977,23.628078980386977,NÃO,15143.0,15143.0,Domínio aplicável = classes substantivas de arborização; Saltado fica fora.
E10,Arborização,Moradores,3527306001,V05232,3 a 4 árvores,2862.0,18.899821699795286,18.899821699795286,NÃO,15143.0,15143.0,Domínio aplicável = classes substantivas de arborização; Saltado fica fora.
E10,Arborização,Moradores,3527306001,V05233,5 ou mais árvores,6889.0,45.49296704748069,45.49296704748069,NÃO,15143.0,15143.0,Domínio aplicável = classes substantivas de arborização; Saltado fica fora.
E10,Arborização,Moradores,3527306001,V05234,Saltado,0.0,0.0,,SIM,15143.0,15143.0,Domínio aplicável = classes substantivas de arborização; Saltado fica fora.
E10,Arborização,Faces,3527306001,V05430,Sem árvores,172.0,21.689785624211854,21.689785624211854,NÃO,793.0,793.0,Domínio aplicável = classes substantivas de arborização; Saltado fica fora.
E10,Arborização,Faces,3527306001,V05431,1 a 2 árvores,178.0,22.44640605296343,22.44640605296343,NÃO,793.0,793.0,Domínio aplicável = classes substantivas de arborização; Saltado fica fora.
E10,Arborização,Faces,3527306001,V05432,3 a 4 árvores,126.0,15.889029003783103,15.889029003783103,NÃO,793.0,793.0,Domínio aplicável = classes substantivas de arborização; Saltado fica fora.
E10,Arborização,Faces,3527306001,V05433,5 ou mais árvores,317.0,39.974779319041616,39.974779319041616,NÃO,793.0,793.0,Domínio aplicável = classes substantivas de arborização; Saltado fica fora.
E10,Arborização,Faces,3527306001,V05434,Saltado,0.0,0.0,,SIM,793.0,793.0,Domínio aplicável = classes substantivas de arborização; Saltado fica fora.
E01,Circulação da via,Domicílios,3527306002,V05001,"Caminhão, ônibus",3270.0,82.51324753974262,82.51324753974262,NÃO,3963.0,3963.0,Domínio aplicável = categorias substantivas de circulação; Saltado fica fora.
E01,Circulação da via,Domicílios,3527306002,V05002,Carros de passeio ou van,689.0,17.385818824123138,17.385818824123138,NÃO,3963.0,3963.0,Domínio aplicável = categorias substantivas de circulação; Saltado fica fora.
E01,Circulação da via,Domicílios,3527306002,V05003,"Pedestres, bicicletas e motocicletas",4.0,0.10093363613424174,0.10093363613424174,NÃO,3963.0,3963.0,Domínio aplicável = categorias substantivas de circulação; Saltado fica fora.
E01,Circulação da via,Domicílios,3527306002,V05004,Aquavia,0.0,0.0,0.0,NÃO,3963.0,3963.0,Domínio aplicável = categorias substantivas de circulação; Saltado fica fora.
E01,Circulação da via,Domicílios,3527306002,V05005,Saltado,0.0,0.0,,SIM,3963.0,3963.0,Domínio aplicável = categorias substantivas de circulação; Saltado fica fora.
E01,Circulação da via,Moradores,3527306002,V05201,"Caminhão, ônibus",9486.0,82.15832322882383,82.15832322882383,NÃO,11546.0,11546.0,Domínio aplicável = categorias substantivas de circulação; Saltado fica fora.
E01,Circulação da via,Moradores,3527306002,V05202,Carros de passeio ou van,2045.0,17.711761649055948,17.711761649055948,NÃO,11546.0,11546.0,Domínio aplicável = categorias substantivas de circulação; Saltado fica fora.
E01,Circulação da via,Moradores,3527306002,V05203,"Pedestres, bicicletas e motocicletas",15.0,0.12991512212021478,0.12991512212021478,NÃO,11546.0,11546.0,Domínio aplicável = categorias substantivas de circulação; Saltado fica fora.
E01,Circulação da via,Moradores,3527306002,V05204,Aquavia,0.0,0.0,0.0,NÃO,11546.0,11546.0,Domínio aplicável = categorias substantivas de circulação; Saltado fica fora.
E01,Circulação da via,Moradores,3527306002,V05205,Saltado,0.0,0.0,,SIM,11546.0,11546.0,Domínio aplicável = categorias substantivas de circulação; Saltado fica fora.
E01,Circulação da via,Faces,3527306002,V05401,"Caminhão, ônibus",634.0,79.5483061480552,79.64824120603015,NÃO,797.0,796.0,Domínio aplicável = categorias substantivas de circulação; Saltado fica fora.
E01,Circulação da via,Faces,3527306002,V05402,Carros de passeio ou van,156.0,19.573400250941027,19.597989949748744,NÃO,797.0,796.0,Domínio aplicável = categorias substantivas de circulação; Saltado fica fora.
E01,Circulação da via,Faces,3527306002,V05403,"Pedestres, bicicletas e motocicletas",6.0,0.7528230865746549,0.7537688442211055,NÃO,797.0,796.0,Domínio aplicável = categorias substantivas de circulação; Saltado fica fora.
E01,Circulação da via,Faces,3527306002,V05404,Aquavia,0.0,0.0,0.0,NÃO,797.0,796.0,Domínio aplicável = categorias substantivas de circulação; Saltado fica fora.
E01,Circulação da via,Faces,3527306002,V05405,Saltado,1.0,0.12547051442910914,,SIM,797.0,796.0,Domínio aplicável = categorias substantivas de circulação; Saltado fica fora.
E02,Pavimentação,Domicílios,3527306002,V05006,Sim,3510.0,88.56926570779711,88.56926570779711,NÃO,3963.0,3963.0,Domínio aplicável = Sim + Não; Não declarado coincide com circulação Aquavia + Saltado.
E02,Pavimentação,Domicílios,3527306002,V05007,Não,453.0,11.430734292202876,11.430734292202876,NÃO,3963.0,3963.0,Domínio aplicável = Sim + Não; Não declarado coincide com circulação Aquavia + Saltado.
E02,Pavimentação,Domicílios,3527306002,V05008,Não declarado,0.0,0.0,,SIM,3963.0,3963.0,Domínio aplicável = Sim + Não; Não declarado coincide com circulação Aquavia + Saltado.
E02,Pavimentação,Moradores,3527306002,V05206,Sim,10194.0,88.29031699289797,88.29031699289797,NÃO,11546.0,11546.0,Domínio aplicável = Sim + Não; Não declarado coincide com circulação Aquavia + Saltado.
E02,Pavimentação,Moradores,3527306002,V05207,Não,1352.0,11.709683007102027,11.709683007102027,NÃO,11546.0,11546.0,Domínio aplicável = Sim + Não; Não declarado coincide com circulação Aquavia + Saltado.
E02,Pavimentação,Moradores,3527306002,V05208,Não declarado,0.0,0.0,,SIM,11546.0,11546.0,Domínio aplicável = Sim + Não; Não declarado coincide com circulação Aquavia + Saltado.
E02,Pavimentação,Faces,3527306002,V05406,Sim,690.0,86.57465495608531,86.68341708542714,NÃO,797.0,796.0,Domínio aplicável = Sim + Não; Não declarado coincide com circulação Aquavia + Saltado.
E02,Pavimentação,Faces,3527306002,V05407,Não,106.0,13.29987452948557,13.316582914572864,NÃO,797.0,796.0,Domínio aplicável = Sim + Não; Não declarado coincide com circulação Aquavia + Saltado.
E02,Pavimentação,Faces,3527306002,V05408,Não declarado,1.0,0.12547051442910914,,SIM,797.0,796.0,Domínio aplicável = Sim + Não; Não declarado coincide com circulação Aquavia + Saltado.
E03,Bueiro / boca de lobo,Domicílios,3527306002,V05009,Sim,3230.0,81.5039111784002,81.5039111784002,NÃO,3963.0,3963.0,Domínio aplicável = Sim + Não; Não declarado coincide com circulação Aquavia + Saltado.
E03,Bueiro / boca de lobo,Domicílios,3527306002,V05010,Não,733.0,18.4960888215998,18.4960888215998,NÃO,3963.0,3963.0,Domínio aplicável = Sim + Não; Não declarado coincide com circulação Aquavia + Saltado.
E03,Bueiro / boca de lobo,Domicílios,3527306002,V05011,Não declarado,0.0,0.0,,SIM,3963.0,3963.0,Domínio aplicável = Sim + Não; Não declarado coincide com circulação Aquavia + Saltado.
E03,Bueiro / boca de lobo,Moradores,3527306002,V05209,Sim,9384.0,81.27490039840637,81.27490039840637,NÃO,11546.0,11546.0,Domínio aplicável = Sim + Não; Não declarado coincide com circulação Aquavia + Saltado.
E03,Bueiro / boca de lobo,Moradores,3527306002,V05210,Não,2162.0,18.725099601593627,18.725099601593627,NÃO,11546.0,11546.0,Domínio aplicável = Sim + Não; Não declarado coincide com circulação Aquavia + Saltado.
E03,Bueiro / boca de lobo,Moradores,3527306002,V05211,Não declarado,0.0,0.0,,SIM,11546.0,11546.0,Domínio aplicável = Sim + Não; Não declarado coincide com circulação Aquavia + Saltado.
E03,Bueiro / boca de lobo,Faces,3527306002,V05409,Sim,609.0,76.41154328732748,76.50753768844221,NÃO,797.0,796.0,Domínio aplicável = Sim + Não; Não declarado coincide com circulação Aquavia + Saltado.
E03,Bueiro / boca de lobo,Faces,3527306002,V05410,Não,187.0,23.462986198243414,23.492462311557787,NÃO,797.0,796.0,Domínio aplicável = Sim + Não; Não declarado coincide com circulação Aquavia + Saltado.
E03,Bueiro / boca de lobo,Faces,3527306002,V05411,Não declarado,1.0,0.12547051442910914,,SIM,797.0,796.0,Domínio aplicável = Sim + Não; Não declarado coincide com circulação Aquavia + Saltado.
E04,Iluminação pública,Domicílios,3527306002,V05012,Sim,3883.0,97.98132727731516,97.98132727731516,NÃO,3963.0,3963.0,Domínio aplicável = Sim + Não; Não declarado coincide com circulação Aquavia + Saltado.
E04,Iluminação pública,Domicílios,3527306002,V05013,Não,80.0,2.0186727226848347,2.0186727226848347,NÃO,3963.0,3963.0,Domínio aplicável = Sim + Não; Não declarado coincide com circulação Aquavia + Saltado.
E04,Iluminação pública,Domicílios,3527306002,V05014,Não declarado,0.0,0.0,,SIM,3963.0,3963.0,Domínio aplicável = Sim + Não; Não declarado coincide com circulação Aquavia + Saltado.
E04,Iluminação pública,Moradores,3527306002,V05212,Sim,11317.0,98.01662913563138,98.01662913563138,NÃO,11546.0,11546.0,Domínio aplicável = Sim + Não; Não declarado coincide com circulação Aquavia + Saltado.
E04,Iluminação pública,Moradores,3527306002,V05213,Não,229.0,1.9833708643686123,1.9833708643686123,NÃO,11546.0,11546.0,Domínio aplicável = Sim + Não; Não declarado coincide com circulação Aquavia + Saltado.
E04,Iluminação pública,Moradores,3527306002,V05214,Não declarado,0.0,0.0,,SIM,11546.0,11546.0,Domínio aplicável = Sim + Não; Não declarado coincide com circulação Aquavia + Saltado.
E04,Iluminação pública,Faces,3527306002,V05412,Sim,751.0,94.22835633626097,94.34673366834171,NÃO,797.0,796.0,Domínio aplicável = Sim + Não; Não declarado coincide com circulação Aquavia + Saltado.
E04,Iluminação pública,Faces,3527306002,V05413,Não,45.0,5.646173149309912,5.653266331658291,NÃO,797.0,796.0,Domínio aplicável = Sim + Não; Não declarado coincide com circulação Aquavia + Saltado.
E04,Iluminação pública,Faces,3527306002,V05414,Não declarado,1.0,0.12547051442910914,,SIM,797.0,796.0,Domínio aplicável = Sim + Não; Não declarado coincide com circulação Aquavia + Saltado.
E05,Ponto de ônibus,Domicílios,3527306002,V05015,Sim,675.0,17.032551097653293,17.032551097653293,NÃO,3963.0,3963.0,Domínio aplicável = Sim + Não; Não declarado coincide com circulação Aquavia + Saltado.
E05,Ponto de ônibus,Domicílios,3527306002,V05016,Não,3288.0,82.9674489023467,82.9674489023467,NÃO,3963.0,3963.0,Domínio aplicável = Sim + Não; Não declarado coincide com circulação Aquavia + Saltado.
E05,Ponto de ônibus,Domicílios,3527306002,V05017,Não declarado,0.0,0.0,,SIM,3963.0,3963.0,Domínio aplicável = Sim + Não; Não declarado coincide com circulação Aquavia + Saltado.
E05,Ponto de ônibus,Moradores,3527306002,V05215,Sim,1929.0,16.70708470465962,16.70708470465962,NÃO,11546.0,11546.0,Domínio aplicável = Sim + Não; Não declarado coincide com circulação Aquavia + Saltado.
E05,Ponto de ônibus,Moradores,3527306002,V05216,Não,9617.0,83.29291529534038,83.29291529534038,NÃO,11546.0,11546.0,Domínio aplicável = Sim + Não; Não declarado coincide com circulação Aquavia + Saltado.
E05,Ponto de ônibus,Moradores,3527306002,V05217,Não declarado,0.0,0.0,,SIM,11546.0,11546.0,Domínio aplicável = Sim + Não; Não declarado coincide com circulação Aquavia + Saltado.
E05,Ponto de ônibus,Faces,3527306002,V05415,Sim,124.0,15.558343789209536,15.577889447236181,NÃO,797.0,796.0,Domínio aplicável = Sim + Não; Não declarado coincide com circulação Aquavia + Saltado.
E05,Ponto de ônibus,Faces,3527306002,V05416,Não,672.0,84.31618569636136,84.42211055276381,NÃO,797.0,796.0,Domínio aplicável = Sim + Não; Não declarado coincide com circulação Aquavia + Saltado.
E05,Ponto de ônibus,Faces,3527306002,V05417,Não declarado,1.0,0.12547051442910914,,SIM,797.0,796.0,Domínio aplicável = Sim + Não; Não declarado coincide com circulação Aquavia + Saltado.
E06,Via sinalizada para bicicleta,Domicílios,3527306002,V05018,Sim,47.0,1.1859702245773405,1.1859702245773405,NÃO,3963.0,3963.0,Domínio aplicável = Sim + Não; Não declarado coincide com circulação Aquavia + Saltado.
E06,Via sinalizada para bicicleta,Domicílios,3527306002,V05019,Não,3916.0,98.81402977542267,98.81402977542267,NÃO,3963.0,3963.0,Domínio aplicável = Sim + Não; Não declarado coincide com circulação Aquavia + Saltado.
E06,Via sinalizada para bicicleta,Domicílios,3527306002,V05020,Não declarado,0.0,0.0,,SIM,3963.0,3963.0,Domínio aplicável = Sim + Não; Não declarado coincide com circulação Aquavia + Saltado.
E06,Via sinalizada para bicicleta,Moradores,3527306002,V05218,Sim,140.0,1.2125411397886714,1.2125411397886714,NÃO,11546.0,11546.0,Domínio aplicável = Sim + Não; Não declarado coincide com circulação Aquavia + Saltado.
E06,Via sinalizada para bicicleta,Moradores,3527306002,V05219,Não,11406.0,98.78745886021133,98.78745886021133,NÃO,11546.0,11546.0,Domínio aplicável = Sim + Não; Não declarado coincide com circulação Aquavia + Saltado.
E06,Via sinalizada para bicicleta,Moradores,3527306002,V05220,Não declarado,0.0,0.0,,SIM,11546.0,11546.0,Domínio aplicável = Sim + Não; Não declarado coincide com circulação Aquavia + Saltado.
E06,Via sinalizada para bicicleta,Faces,3527306002,V05418,Sim,21.0,2.6348808030112925,2.638190954773869,NÃO,797.0,796.0,Domínio aplicável = Sim + Não; Não declarado coincide com circulação Aquavia + Saltado.
E06,Via sinalizada para bicicleta,Faces,3527306002,V05419,Não,775.0,97.2396486825596,97.36180904522614,NÃO,797.0,796.0,Domínio aplicável = Sim + Não; Não declarado coincide com circulação Aquavia + Saltado.
E06,Via sinalizada para bicicleta,Faces,3527306002,V05420,Não declarado,1.0,0.12547051442910914,,SIM,797.0,796.0,Domínio aplicável = Sim + Não; Não declarado coincide com circulação Aquavia + Saltado.
E07,Calçada,Domicílios,3527306002,V05021,Sim,3414.0,86.14685844057533,86.14685844057533,NÃO,3963.0,3963.0,Domínio aplicável = Sim + Não; Não declarado coincide com circulação Aquavia + Saltado.
E07,Calçada,Domicílios,3527306002,V05022,Não,549.0,13.853141559424678,13.853141559424678,NÃO,3963.0,3963.0,Domínio aplicável = Sim + Não; Não declarado coincide com circulação Aquavia + Saltado.
E07,Calçada,Domicílios,3527306002,V05023,Não declarado,0.0,0.0,,SIM,3963.0,3963.0,Domínio aplicável = Sim + Não; Não declarado coincide com circulação Aquavia + Saltado.
E07,Calçada,Moradores,3527306002,V05221,Sim,9909.0,85.82192967261389,85.82192967261389,NÃO,11546.0,11546.0,Domínio aplicável = Sim + Não; Não declarado coincide com circulação Aquavia + Saltado.
E07,Calçada,Moradores,3527306002,V05222,Não,1637.0,14.178070327386108,14.178070327386108,NÃO,11546.0,11546.0,Domínio aplicável = Sim + Não; Não declarado coincide com circulação Aquavia + Saltado.
E07,Calçada,Moradores,3527306002,V05223,Não declarado,0.0,0.0,,SIM,11546.0,11546.0,Domínio aplicável = Sim + Não; Não declarado coincide com circulação Aquavia + Saltado.
E07,Calçada,Faces,3527306002,V05421,Sim,601.0,75.4077791718946,75.50251256281408,NÃO,797.0,796.0,Domínio aplicável = Sim + Não; Não declarado coincide com circulação Aquavia + Saltado.
E07,Calçada,Faces,3527306002,V05422,Não,195.0,24.466750313676286,24.49748743718593,NÃO,797.0,796.0,Domínio aplicável = Sim + Não; Não declarado coincide com circulação Aquavia + Saltado.
E07,Calçada,Faces,3527306002,V05423,Não declarado,1.0,0.12547051442910914,,SIM,797.0,796.0,Domínio aplicável = Sim + Não; Não declarado coincide com circulação Aquavia + Saltado.
E08,Obstáculo na calçada,Domicílios,3527306002,V05024,Sim,3090.0,77.97123391370174,90.50966608084359,NÃO,3963.0,3414.0,Domínio aplicável = Sim + Não; Não declarado coincide com ausência/não aplicação de calçada.
E08,Obstáculo na calçada,Domicílios,3527306002,V05025,Não,324.0,8.17562452687358,9.490333919156415,NÃO,3963.0,3414.0,Domínio aplicável = Sim + Não; Não declarado coincide com ausência/não aplicação de calçada.
E08,Obstáculo na calçada,Domicílios,3527306002,V05026,Não declarado,549.0,13.853141559424678,,SIM,3963.0,3414.0,Domínio aplicável = Sim + Não; Não declarado coincide com ausência/não aplicação de calçada.
E08,Obstáculo na calçada,Moradores,3527306002,V05224,Sim,8972.0,77.70656504417114,90.54394994449491,NÃO,11546.0,9909.0,Domínio aplicável = Sim + Não; Não declarado coincide com ausência/não aplicação de calçada.
E08,Obstáculo na calçada,Moradores,3527306002,V05225,Não,937.0,8.11536462844275,9.456050055505097,NÃO,11546.0,9909.0,Domínio aplicável = Sim + Não; Não declarado coincide com ausência/não aplicação de calçada.
E08,Obstáculo na calçada,Moradores,3527306002,V05226,Não declarado,1637.0,14.178070327386108,,SIM,11546.0,9909.0,Domínio aplicável = Sim + Não; Não declarado coincide com ausência/não aplicação de calçada.
E08,Obstáculo na calçada,Faces,3527306002,V05424,Sim,535.0,67.1267252195734,89.01830282861897,NÃO,797.0,601.0,Domínio aplicável = Sim + Não; Não declarado coincide com ausência/não aplicação de calçada.
E08,Obstáculo na calçada,Faces,3527306002,V05425,Não,66.0,8.281053952321205,10.98169717138103,NÃO,797.0,601.0,Domínio aplicável = Sim + Não; Não declarado coincide com ausência/não aplicação de calçada.
E08,Obstáculo na calçada,Faces,3527306002,V05426,Não declarado,196.0,24.592220828105397,,SIM,797.0,601.0,Domínio aplicável = Sim + Não; Não declarado coincide com ausência/não aplicação de calçada.
E09,Rampa para cadeirante,Domicílios,3527306002,V05027,Sim,287.0,7.2419883926318445,8.40656121851201,NÃO,3963.0,3414.0,Domínio aplicável = Sim + Não; Não declarado coincide com ausência/não aplicação de calçada.
E09,Rampa para cadeirante,Domicílios,3527306002,V05028,Não,3127.0,78.90487004794348,91.59343878148799,NÃO,3963.0,3414.0,Domínio aplicável = Sim + Não; Não declarado coincide com ausência/não aplicação de calçada.
E09,Rampa para cadeirante,Domicílios,3527306002,V05029,Não declarado,549.0,13.853141559424678,,SIM,3963.0,3414.0,Domínio aplicável = Sim + Não; Não declarado coincide com ausência/não aplicação de calçada.
E09,Rampa para cadeirante,Moradores,3527306002,V05227,Sim,772.0,6.6862982851203885,7.790897164194168,NÃO,11546.0,9909.0,Domínio aplicável = Sim + Não; Não declarado coincide com ausência/não aplicação de calçada.
E09,Rampa para cadeirante,Moradores,3527306002,V05228,Não,9137.0,79.1356313874935,92.20910283580584,NÃO,11546.0,9909.0,Domínio aplicável = Sim + Não; Não declarado coincide com ausência/não aplicação de calçada.
E09,Rampa para cadeirante,Moradores,3527306002,V05229,Não declarado,1637.0,14.178070327386108,,SIM,11546.0,9909.0,Domínio aplicável = Sim + Não; Não declarado coincide com ausência/não aplicação de calçada.
E09,Rampa para cadeirante,Faces,3527306002,V05427,Sim,74.0,9.284818067754077,12.312811980033278,NÃO,797.0,601.0,Domínio aplicável = Sim + Não; Não declarado coincide com ausência/não aplicação de calçada.
E09,Rampa para cadeirante,Faces,3527306002,V05428,Não,527.0,66.12296110414053,87.68718801996673,NÃO,797.0,601.0,Domínio aplicável = Sim + Não; Não declarado coincide com ausência/não aplicação de calçada.
E09,Rampa para cadeirante,Faces,3527306002,V05429,Não declarado,196.0,24.592220828105397,,SIM,797.0,601.0,Domínio aplicável = Sim + Não; Não declarado coincide com ausência/não aplicação de calçada.
E10,Arborização,Domicílios,3527306002,V05030,Sem árvores,1111.0,28.034317436285644,28.034317436285644,NÃO,3963.0,3963.0,Domínio aplicável = classes substantivas de arborização; Saltado fica fora.
E10,Arborização,Domicílios,3527306002,V05031,1 a 2 árvores,480.0,12.112036336109009,12.112036336109009,NÃO,3963.0,3963.0,Domínio aplicável = classes substantivas de arborização; Saltado fica fora.
E10,Arborização,Domicílios,3527306002,V05032,3 a 4 árvores,495.0,12.490537471612415,12.490537471612415,NÃO,3963.0,3963.0,Domínio aplicável = classes substantivas de arborização; Saltado fica fora.
E10,Arborização,Domicílios,3527306002,V05033,5 ou mais árvores,1877.0,47.36310875599293,47.36310875599293,NÃO,3963.0,3963.0,Domínio aplicável = classes substantivas de arborização; Saltado fica fora.
E10,Arborização,Domicílios,3527306002,V05034,Saltado,0.0,0.0,,SIM,3963.0,3963.0,Domínio aplicável = classes substantivas de arborização; Saltado fica fora.
E10,Arborização,Moradores,3527306002,V05230,Sem árvores,3157.0,27.342802702234543,27.342802702234543,NÃO,11546.0,11546.0,Domínio aplicável = classes substantivas de arborização; Saltado fica fora.
E10,Arborização,Moradores,3527306002,V05231,1 a 2 árvores,1408.0,12.194699463017496,12.194699463017496,NÃO,11546.0,11546.0,Domínio aplicável = classes substantivas de arborização; Saltado fica fora.
E10,Arborização,Moradores,3527306002,V05232,3 a 4 árvores,1513.0,13.104105317859,13.104105317859,NÃO,11546.0,11546.0,Domínio aplicável = classes substantivas de arborização; Saltado fica fora.
E10,Arborização,Moradores,3527306002,V05233,5 ou mais árvores,5468.0,47.35839251688896,47.35839251688896,NÃO,11546.0,11546.0,Domínio aplicável = classes substantivas de arborização; Saltado fica fora.
E10,Arborização,Moradores,3527306002,V05234,Saltado,0.0,0.0,,SIM,11546.0,11546.0,Domínio aplicável = classes substantivas de arborização; Saltado fica fora.
E10,Arborização,Faces,3527306002,V05430,Sem árvores,273.0,34.253450439146796,34.2964824120603,NÃO,797.0,796.0,Domínio aplicável = classes substantivas de arborização; Saltado fica fora.
E10,Arborização,Faces,3527306002,V05431,1 a 2 árvores,100.0,12.547051442910917,12.562814070351758,NÃO,797.0,796.0,Domínio aplicável = classes substantivas de arborização; Saltado fica fora.
E10,Arborização,Faces,3527306002,V05432,3 a 4 árvores,89.0,11.166875784190715,11.180904522613066,NÃO,797.0,796.0,Domínio aplicável = classes substantivas de arborização; Saltado fica fora.
E10,Arborização,Faces,3527306002,V05433,5 ou mais árvores,334.0,41.90715181932246,41.959798994974875,NÃO,797.0,796.0,Domínio aplicável = classes substantivas de arborização; Saltado fica fora.
E10,Arborização,Faces,3527306002,V05434,Saltado,1.0,0.12547051442910914,,SIM,797.0,796.0,Domínio aplicável = classes substantivas de arborização; Saltado fica fora.
E01,Circulação da via,Domicílios,3527306003,V05001,"Caminhão, ônibus",5904.0,86.34103539046505,86.34103539046505,NÃO,6838.0,6838.0,Domínio aplicável = categorias substantivas de circulação; Saltado fica fora.
E01,Circulação da via,Domicílios,3527306003,V05002,Carros de passeio ou van,895.0,13.088622404211758,13.088622404211758,NÃO,6838.0,6838.0,Domínio aplicável = categorias substantivas de circulação; Saltado fica fora.
E01,Circulação da via,Domicílios,3527306003,V05003,"Pedestres, bicicletas e motocicletas",39.0,0.5703422053231939,0.5703422053231939,NÃO,6838.0,6838.0,Domínio aplicável = categorias substantivas de circulação; Saltado fica fora.
E01,Circulação da via,Domicílios,3527306003,V05004,Aquavia,0.0,0.0,0.0,NÃO,6838.0,6838.0,Domínio aplicável = categorias substantivas de circulação; Saltado fica fora.
E01,Circulação da via,Domicílios,3527306003,V05005,Saltado,0.0,0.0,,SIM,6838.0,6838.0,Domínio aplicável = categorias substantivas de circulação; Saltado fica fora.
E01,Circulação da via,Moradores,3527306003,V05201,"Caminhão, ônibus",16705.0,86.64868509777477,86.64868509777477,NÃO,19279.0,19279.0,Domínio aplicável = categorias substantivas de circulação; Saltado fica fora.
E01,Circulação da via,Moradores,3527306003,V05202,Carros de passeio ou van,2453.0,12.72368898801805,12.72368898801805,NÃO,19279.0,19279.0,Domínio aplicável = categorias substantivas de circulação; Saltado fica fora.
E01,Circulação da via,Moradores,3527306003,V05203,"Pedestres, bicicletas e motocicletas",121.0,0.6276259142071684,0.6276259142071684,NÃO,19279.0,19279.0,Domínio aplicável = categorias substantivas de circulação; Saltado fica fora.
E01,Circulação da via,Moradores,3527306003,V05204,Aquavia,0.0,0.0,0.0,NÃO,19279.0,19279.0,Domínio aplicável = categorias substantivas de circulação; Saltado fica fora.
E01,Circulação da via,Moradores,3527306003,V05205,Saltado,0.0,0.0,,SIM,19279.0,19279.0,Domínio aplicável = categorias substantivas de circulação; Saltado fica fora.
E01,Circulação da via,Faces,3527306003,V05401,"Caminhão, ônibus",414.0,87.89808917197452,87.89808917197452,NÃO,471.0,471.0,Domínio aplicável = categorias substantivas de circulação; Saltado fica fora.
E01,Circulação da via,Faces,3527306003,V05402,Carros de passeio ou van,45.0,9.554140127388536,9.554140127388536,NÃO,471.0,471.0,Domínio aplicável = categorias substantivas de circulação; Saltado fica fora.
E01,Circulação da via,Faces,3527306003,V05403,"Pedestres, bicicletas e motocicletas",12.0,2.547770700636943,2.547770700636943,NÃO,471.0,471.0,Domínio aplicável = categorias substantivas de circulação; Saltado fica fora.
E01,Circulação da via,Faces,3527306003,V05404,Aquavia,0.0,0.0,0.0,NÃO,471.0,471.0,Domínio aplicável = categorias substantivas de circulação; Saltado fica fora.
E01,Circulação da via,Faces,3527306003,V05405,Saltado,0.0,0.0,,SIM,471.0,471.0,Domínio aplicável = categorias substantivas de circulação; Saltado fica fora.
E02,Pavimentação,Domicílios,3527306003,V05006,Sim,6710.0,98.12810763381106,98.12810763381106,NÃO,6838.0,6838.0,Domínio aplicável = Sim + Não; Não declarado coincide com circulação Aquavia + Saltado.
E02,Pavimentação,Domicílios,3527306003,V05007,Não,128.0,1.8718923661889442,1.8718923661889442,NÃO,6838.0,6838.0,Domínio aplicável = Sim + Não; Não declarado coincide com circulação Aquavia + Saltado.
E02,Pavimentação,Domicílios,3527306003,V05008,Não declarado,0.0,0.0,,SIM,6838.0,6838.0,Domínio aplicável = Sim + Não; Não declarado coincide com circulação Aquavia + Saltado.
E02,Pavimentação,Moradores,3527306003,V05206,Sim,18901.0,98.0393173919809,98.0393173919809,NÃO,19279.0,19279.0,Domínio aplicável = Sim + Não; Não declarado coincide com circulação Aquavia + Saltado.
E02,Pavimentação,Moradores,3527306003,V05207,Não,378.0,1.9606826080190882,1.9606826080190882,NÃO,19279.0,19279.0,Domínio aplicável = Sim + Não; Não declarado coincide com circulação Aquavia + Saltado.
E02,Pavimentação,Moradores,3527306003,V05208,Não declarado,0.0,0.0,,SIM,19279.0,19279.0,Domínio aplicável = Sim + Não; Não declarado coincide com circulação Aquavia + Saltado.
E02,Pavimentação,Faces,3527306003,V05406,Sim,448.0,95.1167728237792,95.1167728237792,NÃO,471.0,471.0,Domínio aplicável = Sim + Não; Não declarado coincide com circulação Aquavia + Saltado.
E02,Pavimentação,Faces,3527306003,V05407,Não,23.0,4.8832271762208075,4.8832271762208075,NÃO,471.0,471.0,Domínio aplicável = Sim + Não; Não declarado coincide com circulação Aquavia + Saltado.
E02,Pavimentação,Faces,3527306003,V05408,Não declarado,0.0,0.0,,SIM,471.0,471.0,Domínio aplicável = Sim + Não; Não declarado coincide com circulação Aquavia + Saltado.
E03,Bueiro / boca de lobo,Domicílios,3527306003,V05009,Sim,6390.0,93.4483767183387,93.4483767183387,NÃO,6838.0,6838.0,Domínio aplicável = Sim + Não; Não declarado coincide com circulação Aquavia + Saltado.
E03,Bueiro / boca de lobo,Domicílios,3527306003,V05010,Não,448.0,6.551623281661305,6.551623281661305,NÃO,6838.0,6838.0,Domínio aplicável = Sim + Não; Não declarado coincide com circulação Aquavia + Saltado.
E03,Bueiro / boca de lobo,Domicílios,3527306003,V05011,Não declarado,0.0,0.0,,SIM,6838.0,6838.0,Domínio aplicável = Sim + Não; Não declarado coincide com circulação Aquavia + Saltado.
E03,Bueiro / boca de lobo,Moradores,3527306003,V05209,Sim,17967.0,93.19466777322475,93.19466777322475,NÃO,19279.0,19279.0,Domínio aplicável = Sim + Não; Não declarado coincide com circulação Aquavia + Saltado.
E03,Bueiro / boca de lobo,Moradores,3527306003,V05210,Não,1312.0,6.805332226775247,6.805332226775247,NÃO,19279.0,19279.0,Domínio aplicável = Sim + Não; Não declarado coincide com circulação Aquavia + Saltado.
E03,Bueiro / boca de lobo,Moradores,3527306003,V05211,Não declarado,0.0,0.0,,SIM,19279.0,19279.0,Domínio aplicável = Sim + Não; Não declarado coincide com circulação Aquavia + Saltado.
E03,Bueiro / boca de lobo,Faces,3527306003,V05409,Sim,403.0,85.56263269639066,85.56263269639066,NÃO,471.0,471.0,Domínio aplicável = Sim + Não; Não declarado coincide com circulação Aquavia + Saltado.
E03,Bueiro / boca de lobo,Faces,3527306003,V05410,Não,68.0,14.437367303609342,14.437367303609342,NÃO,471.0,471.0,Domínio aplicável = Sim + Não; Não declarado coincide com circulação Aquavia + Saltado.
E03,Bueiro / boca de lobo,Faces,3527306003,V05411,Não declarado,0.0,0.0,,SIM,471.0,471.0,Domínio aplicável = Sim + Não; Não declarado coincide com circulação Aquavia + Saltado.
E04,Iluminação pública,Domicílios,3527306003,V05012,Sim,6758.0,98.83006727113191,98.83006727113191,NÃO,6838.0,6838.0,Domínio aplicável = Sim + Não; Não declarado coincide com circulação Aquavia + Saltado.
E04,Iluminação pública,Domicílios,3527306003,V05013,Não,80.0,1.16993272886809,1.16993272886809,NÃO,6838.0,6838.0,Domínio aplicável = Sim + Não; Não declarado coincide com circulação Aquavia + Saltado.
E04,Iluminação pública,Domicílios,3527306003,V05014,Não declarado,0.0,0.0,,SIM,6838.0,6838.0,Domínio aplicável = Sim + Não; Não declarado coincide com circulação Aquavia + Saltado.
E04,Iluminação pública,Moradores,3527306003,V05212,Sim,19045.0,98.7862440997977,98.7862440997977,NÃO,19279.0,19279.0,Domínio aplicável = Sim + Não; Não declarado coincide com circulação Aquavia + Saltado.
E04,Iluminação pública,Moradores,3527306003,V05213,Não,234.0,1.2137559002022926,1.2137559002022926,NÃO,19279.0,19279.0,Domínio aplicável = Sim + Não; Não declarado coincide com circulação Aquavia + Saltado.
E04,Iluminação pública,Moradores,3527306003,V05214,Não declarado,0.0,0.0,,SIM,19279.0,19279.0,Domínio aplicável = Sim + Não; Não declarado coincide com circulação Aquavia + Saltado.
E04,Iluminação pública,Faces,3527306003,V05412,Sim,443.0,94.0552016985138,94.0552016985138,NÃO,471.0,471.0,Domínio aplicável = Sim + Não; Não declarado coincide com circulação Aquavia + Saltado.
E04,Iluminação pública,Faces,3527306003,V05413,Não,28.0,5.9447983014862,5.9447983014862,NÃO,471.0,471.0,Domínio aplicável = Sim + Não; Não declarado coincide com circulação Aquavia + Saltado.
E04,Iluminação pública,Faces,3527306003,V05414,Não declarado,0.0,0.0,,SIM,471.0,471.0,Domínio aplicável = Sim + Não; Não declarado coincide com circulação Aquavia + Saltado.
E05,Ponto de ônibus,Domicílios,3527306003,V05015,Sim,835.0,12.21117285756069,12.21117285756069,NÃO,6838.0,6838.0,Domínio aplicável = Sim + Não; Não declarado coincide com circulação Aquavia + Saltado.
E05,Ponto de ônibus,Domicílios,3527306003,V05016,Não,6003.0,87.7888271424393,87.7888271424393,NÃO,6838.0,6838.0,Domínio aplicável = Sim + Não; Não declarado coincide com circulação Aquavia + Saltado.
E05,Ponto de ônibus,Domicílios,3527306003,V05017,Não declarado,0.0,0.0,,SIM,6838.0,6838.0,Domínio aplicável = Sim + Não; Não declarado coincide com circulação Aquavia + Saltado.
E05,Ponto de ônibus,Moradores,3527306003,V05215,Sim,2254.0,11.69147777374345,11.69147777374345,NÃO,19279.0,19279.0,Domínio aplicável = Sim + Não; Não declarado coincide com circulação Aquavia + Saltado.
E05,Ponto de ônibus,Moradores,3527306003,V05216,Não,17025.0,88.30852222625654,88.30852222625654,NÃO,19279.0,19279.0,Domínio aplicável = Sim + Não; Não declarado coincide com circulação Aquavia + Saltado.
E05,Ponto de ônibus,Moradores,3527306003,V05217,Não declarado,0.0,0.0,,SIM,19279.0,19279.0,Domínio aplicável = Sim + Não; Não declarado coincide com circulação Aquavia + Saltado.
E05,Ponto de ônibus,Faces,3527306003,V05415,Sim,55.0,11.67728237791932,11.67728237791932,NÃO,471.0,471.0,Domínio aplicável = Sim + Não; Não declarado coincide com circulação Aquavia + Saltado.
E05,Ponto de ônibus,Faces,3527306003,V05416,Não,416.0,88.32271762208069,88.32271762208069,NÃO,471.0,471.0,Domínio aplicável = Sim + Não; Não declarado coincide com circulação Aquavia + Saltado.
E05,Ponto de ônibus,Faces,3527306003,V05417,Não declarado,0.0,0.0,,SIM,471.0,471.0,Domínio aplicável = Sim + Não; Não declarado coincide com circulação Aquavia + Saltado.
E06,Via sinalizada para bicicleta,Domicílios,3527306003,V05018,Sim,5.0,0.07312079555425563,0.07312079555425563,NÃO,6838.0,6838.0,Domínio aplicável = Sim + Não; Não declarado coincide com circulação Aquavia + Saltado.
E06,Via sinalizada para bicicleta,Domicílios,3527306003,V05019,Não,6833.0,99.92687920444574,99.92687920444574,NÃO,6838.0,6838.0,Domínio aplicável = Sim + Não; Não declarado coincide com circulação Aquavia + Saltado.
E06,Via sinalizada para bicicleta,Domicílios,3527306003,V05020,Não declarado,0.0,0.0,,SIM,6838.0,6838.0,Domínio aplicável = Sim + Não; Não declarado coincide com circulação Aquavia + Saltado.
E06,Via sinalizada para bicicleta,Moradores,3527306003,V05218,Sim,14.0,0.07261787437107733,0.07261787437107733,NÃO,19279.0,19279.0,Domínio aplicável = Sim + Não; Não declarado coincide com circulação Aquavia + Saltado.
E06,Via sinalizada para bicicleta,Moradores,3527306003,V05219,Não,19265.0,99.92738212562892,99.92738212562892,NÃO,19279.0,19279.0,Domínio aplicável = Sim + Não; Não declarado coincide com circulação Aquavia + Saltado.
E06,Via sinalizada para bicicleta,Moradores,3527306003,V05220,Não declarado,0.0,0.0,,SIM,19279.0,19279.0,Domínio aplicável = Sim + Não; Não declarado coincide com circulação Aquavia + Saltado.
E06,Via sinalizada para bicicleta,Faces,3527306003,V05418,Sim,3.0,0.6369426751592357,0.6369426751592357,NÃO,471.0,471.0,Domínio aplicável = Sim + Não; Não declarado coincide com circulação Aquavia + Saltado.
E06,Via sinalizada para bicicleta,Faces,3527306003,V05419,Não,468.0,99.36305732484077,99.36305732484077,NÃO,471.0,471.0,Domínio aplicável = Sim + Não; Não declarado coincide com circulação Aquavia + Saltado.
E06,Via sinalizada para bicicleta,Faces,3527306003,V05420,Não declarado,0.0,0.0,,SIM,471.0,471.0,Domínio aplicável = Sim + Não; Não declarado coincide com circulação Aquavia + Saltado.
E07,Calçada,Domicílios,3527306003,V05021,Sim,6146.0,89.88008189529101,89.88008189529101,NÃO,6838.0,6838.0,Domínio aplicável = Sim + Não; Não declarado coincide com circulação Aquavia + Saltado.
E07,Calçada,Domicílios,3527306003,V05022,Não,692.0,10.11991810470898,10.11991810470898,NÃO,6838.0,6838.0,Domínio aplicável = Sim + Não; Não declarado coincide com circulação Aquavia + Saltado.
E07,Calçada,Domicílios,3527306003,V05023,Não declarado,0.0,0.0,,SIM,6838.0,6838.0,Domínio aplicável = Sim + Não; Não declarado coincide com circulação Aquavia + Saltado.
E07,Calçada,Moradores,3527306003,V05221,Sim,17307.0,89.7712536957311,89.7712536957311,NÃO,19279.0,19279.0,Domínio aplicável = Sim + Não; Não declarado coincide com circulação Aquavia + Saltado.
E07,Calçada,Moradores,3527306003,V05222,Não,1972.0,10.228746304268894,10.228746304268894,NÃO,19279.0,19279.0,Domínio aplicável = Sim + Não; Não declarado coincide com circulação Aquavia + Saltado.
E07,Calçada,Moradores,3527306003,V05223,Não declarado,0.0,0.0,,SIM,19279.0,19279.0,Domínio aplicável = Sim + Não; Não declarado coincide com circulação Aquavia + Saltado.
E07,Calçada,Faces,3527306003,V05421,Sim,399.0,84.71337579617835,84.71337579617835,NÃO,471.0,471.0,Domínio aplicável = Sim + Não; Não declarado coincide com circulação Aquavia + Saltado.
E07,Calçada,Faces,3527306003,V05422,Não,72.0,15.286624203821656,15.286624203821656,NÃO,471.0,471.0,Domínio aplicável = Sim + Não; Não declarado coincide com circulação Aquavia + Saltado.
E07,Calçada,Faces,3527306003,V05423,Não declarado,0.0,0.0,,SIM,471.0,471.0,Domínio aplicável = Sim + Não; Não declarado coincide com circulação Aquavia + Saltado.
E08,Obstáculo na calçada,Domicílios,3527306003,V05024,Sim,5850.0,85.55133079847909,95.18385942076148,NÃO,6838.0,6146.0,Domínio aplicável = Sim + Não; Não declarado coincide com ausência/não aplicação de calçada.
E08,Obstáculo na calçada,Domicílios,3527306003,V05025,Não,296.0,4.328751096811933,4.816140579238529,NÃO,6838.0,6146.0,Domínio aplicável = Sim + Não; Não declarado coincide com ausência/não aplicação de calçada.
E08,Obstáculo na calçada,Domicílios,3527306003,V05026,Não declarado,692.0,10.11991810470898,,SIM,6838.0,6146.0,Domínio aplicável = Sim + Não; Não declarado coincide com ausência/não aplicação de calçada.
E08,Obstáculo na calçada,Moradores,3527306003,V05224,Sim,16352.0,84.81767726541834,94.48200150228232,NÃO,19279.0,17307.0,Domínio aplicável = Sim + Não; Não declarado coincide com ausência/não aplicação de calçada.
E08,Obstáculo na calçada,Moradores,3527306003,V05225,Não,955.0,4.953576430312776,5.517998497717686,NÃO,19279.0,17307.0,Domínio aplicável = Sim + Não; Não declarado coincide com ausência/não aplicação de calçada.
E08,Obstáculo na calçada,Moradores,3527306003,V05226,Não declarado,1972.0,10.228746304268894,,SIM,19279.0,17307.0,Domínio aplicável = Sim + Não; Não declarado coincide com ausência/não aplicação de calçada.
E08,Obstáculo na calçada,Faces,3527306003,V05424,Sim,340.0,72.1868365180467,85.21303258145363,NÃO,471.0,399.0,Domínio aplicável = Sim + Não; Não declarado coincide com ausência/não aplicação de calçada.
E08,Obstáculo na calçada,Faces,3527306003,V05425,Não,59.0,12.526539278131635,14.786967418546364,NÃO,471.0,399.0,Domínio aplicável = Sim + Não; Não declarado coincide com ausência/não aplicação de calçada.
E08,Obstáculo na calçada,Faces,3527306003,V05426,Não declarado,72.0,15.286624203821656,,SIM,471.0,399.0,Domínio aplicável = Sim + Não; Não declarado coincide com ausência/não aplicação de calçada.
E09,Rampa para cadeirante,Domicílios,3527306003,V05027,Sim,204.0,2.98332845861363,3.319232020826554,NÃO,6838.0,6146.0,Domínio aplicável = Sim + Não; Não declarado coincide com ausência/não aplicação de calçada.
E09,Rampa para cadeirante,Domicílios,3527306003,V05028,Não,5942.0,86.89675343667739,96.68076797917344,NÃO,6838.0,6146.0,Domínio aplicável = Sim + Não; Não declarado coincide com ausência/não aplicação de calçada.
E09,Rampa para cadeirante,Domicílios,3527306003,V05029,Não declarado,692.0,10.11991810470898,,SIM,6838.0,6146.0,Domínio aplicável = Sim + Não; Não declarado coincide com ausência/não aplicação de calçada.
E09,Rampa para cadeirante,Moradores,3527306003,V05227,Sim,660.0,3.423414077493646,3.8134858727682444,NÃO,19279.0,17307.0,Domínio aplicável = Sim + Não; Não declarado coincide com ausência/não aplicação de calçada.
E09,Rampa para cadeirante,Moradores,3527306003,V05228,Não,16647.0,86.34783961823746,96.18651412723176,NÃO,19279.0,17307.0,Domínio aplicável = Sim + Não; Não declarado coincide com ausência/não aplicação de calçada.
E09,Rampa para cadeirante,Moradores,3527306003,V05229,Não declarado,1972.0,10.228746304268894,,SIM,19279.0,17307.0,Domínio aplicável = Sim + Não; Não declarado coincide com ausência/não aplicação de calçada.
E09,Rampa para cadeirante,Faces,3527306003,V05427,Sim,25.0,5.3078556263269645,6.265664160401002,NÃO,471.0,399.0,Domínio aplicável = Sim + Não; Não declarado coincide com ausência/não aplicação de calçada.
E09,Rampa para cadeirante,Faces,3527306003,V05428,Não,374.0,79.40552016985139,93.734335839599,NÃO,471.0,399.0,Domínio aplicável = Sim + Não; Não declarado coincide com ausência/não aplicação de calçada.
E09,Rampa para cadeirante,Faces,3527306003,V05429,Não declarado,72.0,15.286624203821656,,SIM,471.0,399.0,Domínio aplicável = Sim + Não; Não declarado coincide com ausência/não aplicação de calçada.
E10,Arborização,Domicílios,3527306003,V05030,Sem árvores,2006.0,29.33606317636736,29.33606317636736,NÃO,6838.0,6838.0,Domínio aplicável = classes substantivas de arborização; Saltado fica fora.
E10,Arborização,Domicílios,3527306003,V05031,1 a 2 árvores,2509.0,36.69201520912547,36.69201520912547,NÃO,6838.0,6838.0,Domínio aplicável = classes substantivas de arborização; Saltado fica fora.
E10,Arborização,Domicílios,3527306003,V05032,3 a 4 árvores,797.0,11.655454811348347,11.655454811348347,NÃO,6838.0,6838.0,Domínio aplicável = classes substantivas de arborização; Saltado fica fora.
E10,Arborização,Domicílios,3527306003,V05033,5 ou mais árvores,1526.0,22.316466803158818,22.316466803158818,NÃO,6838.0,6838.0,Domínio aplicável = classes substantivas de arborização; Saltado fica fora.
E10,Arborização,Domicílios,3527306003,V05034,Saltado,0.0,0.0,,SIM,6838.0,6838.0,Domínio aplicável = classes substantivas de arborização; Saltado fica fora.
E10,Arborização,Moradores,3527306003,V05230,Sem árvores,5558.0,28.829296125317704,28.829296125317704,NÃO,19279.0,19279.0,Domínio aplicável = classes substantivas de arborização; Saltado fica fora.
E10,Arborização,Moradores,3527306003,V05231,1 a 2 árvores,7073.0,36.68758753047357,36.68758753047357,NÃO,19279.0,19279.0,Domínio aplicável = classes substantivas de arborização; Saltado fica fora.
E10,Arborização,Moradores,3527306003,V05232,3 a 4 árvores,2204.0,11.432128222418175,11.432128222418175,NÃO,19279.0,19279.0,Domínio aplicável = classes substantivas de arborização; Saltado fica fora.
E10,Arborização,Moradores,3527306003,V05233,5 ou mais árvores,4444.0,23.05098812179055,23.05098812179055,NÃO,19279.0,19279.0,Domínio aplicável = classes substantivas de arborização; Saltado fica fora.
E10,Arborização,Moradores,3527306003,V05234,Saltado,0.0,0.0,,SIM,19279.0,19279.0,Domínio aplicável = classes substantivas de arborização; Saltado fica fora.
E10,Arborização,Faces,3527306003,V05430,Sem árvores,184.0,39.06581740976646,39.06581740976646,NÃO,471.0,471.0,Domínio aplicável = classes substantivas de arborização; Saltado fica fora.
E10,Arborização,Faces,3527306003,V05431,1 a 2 árvores,140.0,29.723991507431,29.723991507431,NÃO,471.0,471.0,Domínio aplicável = classes substantivas de arborização; Saltado fica fora.
E10,Arborização,Faces,3527306003,V05432,3 a 4 árvores,46.0,9.766454352441615,9.766454352441615,NÃO,471.0,471.0,Domínio aplicável = classes substantivas de arborização; Saltado fica fora.
E10,Arborização,Faces,3527306003,V05433,5 ou mais árvores,101.0,21.443736730360936,21.443736730360936,NÃO,471.0,471.0,Domínio aplicável = classes substantivas de arborização; Saltado fica fora.
E10,Arborização,Faces,3527306003,V05434,Saltado,0.0,0.0,,SIM,471.0,471.0,Domínio aplicável = classes substantivas de arborização; Saltado fica fora.
E01,Circulação da via,Domicílios,MUNICIPIO,V05001,"Caminhão, ônibus",13871.0,86.95461384152458,86.95461384152458,NÃO,15952.0,15952.0,Domínio aplicável = categorias substantivas de circulação; Saltado fica fora.
E01,Circulação da via,Domicílios,MUNICIPIO,V05002,Carros de passeio ou van,2038.0,12.77582748244734,12.77582748244734,NÃO,15952.0,15952.0,Domínio aplicável = categorias substantivas de circulação; Saltado fica fora.
E01,Circulação da via,Domicílios,MUNICIPIO,V05003,"Pedestres, bicicletas e motocicletas",43.0,0.26955867602808425,0.26955867602808425,NÃO,15952.0,15952.0,Domínio aplicável = categorias substantivas de circulação; Saltado fica fora.
E01,Circulação da via,Domicílios,MUNICIPIO,V05004,Aquavia,0.0,0.0,0.0,NÃO,15952.0,15952.0,Domínio aplicável = categorias substantivas de circulação; Saltado fica fora.
E01,Circulação da via,Domicílios,MUNICIPIO,V05005,Saltado,0.0,0.0,,SIM,15952.0,15952.0,Domínio aplicável = categorias substantivas de circulação; Saltado fica fora.
E01,Circulação da via,Moradores,MUNICIPIO,V05201,"Caminhão, ônibus",40018.0,87.05621301775149,87.05621301775149,NÃO,45968.0,45968.0,Domínio aplicável = categorias substantivas de circulação; Saltado fica fora.
E01,Circulação da via,Moradores,MUNICIPIO,V05202,Carros de passeio ou van,5814.0,12.647928994082841,12.647928994082841,NÃO,45968.0,45968.0,Domínio aplicável = categorias substantivas de circulação; Saltado fica fora.
E01,Circulação da via,Moradores,MUNICIPIO,V05203,"Pedestres, bicicletas e motocicletas",136.0,0.2958579881656805,0.2958579881656805,NÃO,45968.0,45968.0,Domínio aplicável = categorias substantivas de circulação; Saltado fica fora.
E01,Circulação da via,Moradores,MUNICIPIO,V05204,Aquavia,0.0,0.0,0.0,NÃO,45968.0,45968.0,Domínio aplicável = categorias substantivas de circulação; Saltado fica fora.
E01,Circulação da via,Moradores,MUNICIPIO,V05205,Saltado,0.0,0.0,,SIM,45968.0,45968.0,Domínio aplicável = categorias substantivas de circulação; Saltado fica fora.
E01,Circulação da via,Faces,MUNICIPIO,V05401,"Caminhão, ônibus",1753.0,85.05579815623484,85.09708737864078,NÃO,2061.0,2060.0,Domínio aplicável = categorias substantivas de circulação; Saltado fica fora.
E01,Circulação da via,Faces,MUNICIPIO,V05402,Carros de passeio ou van,272.0,13.19747695293547,13.203883495145632,NÃO,2061.0,2060.0,Domínio aplicável = categorias substantivas de circulação; Saltado fica fora.
E01,Circulação da via,Faces,MUNICIPIO,V05403,"Pedestres, bicicletas e motocicletas",35.0,1.6982047549733137,1.6990291262135921,NÃO,2061.0,2060.0,Domínio aplicável = categorias substantivas de circulação; Saltado fica fora.
E01,Circulação da via,Faces,MUNICIPIO,V05404,Aquavia,0.0,0.0,0.0,NÃO,2061.0,2060.0,Domínio aplicável = categorias substantivas de circulação; Saltado fica fora.
E01,Circulação da via,Faces,MUNICIPIO,V05405,Saltado,1.0,0.048520135856380396,,SIM,2061.0,2060.0,Domínio aplicável = categorias substantivas de circulação; Saltado fica fora.
E02,Pavimentação,Domicílios,MUNICIPIO,V05006,Sim,15269.0,95.71840521564694,95.71840521564694,NÃO,15952.0,15952.0,Domínio aplicável = Sim + Não; Não declarado coincide com circulação Aquavia + Saltado.
E02,Pavimentação,Domicílios,MUNICIPIO,V05007,Não,683.0,4.281594784353059,4.281594784353059,NÃO,15952.0,15952.0,Domínio aplicável = Sim + Não; Não declarado coincide com circulação Aquavia + Saltado.
E02,Pavimentação,Domicílios,MUNICIPIO,V05008,Não declarado,0.0,0.0,,SIM,15952.0,15952.0,Domínio aplicável = Sim + Não; Não declarado coincide com circulação Aquavia + Saltado.
E02,Pavimentação,Moradores,MUNICIPIO,V05206,Sim,43943.0,95.59476157326836,95.59476157326836,NÃO,45968.0,45968.0,Domínio aplicável = Sim + Não; Não declarado coincide com circulação Aquavia + Saltado.
E02,Pavimentação,Moradores,MUNICIPIO,V05207,Não,2025.0,4.405238426731639,4.405238426731639,NÃO,45968.0,45968.0,Domínio aplicável = Sim + Não; Não declarado coincide com circulação Aquavia + Saltado.
E02,Pavimentação,Moradores,MUNICIPIO,V05208,Não declarado,0.0,0.0,,SIM,45968.0,45968.0,Domínio aplicável = Sim + Não; Não declarado coincide com circulação Aquavia + Saltado.
E02,Pavimentação,Faces,MUNICIPIO,V05406,Sim,1911.0,92.72197962154294,92.76699029126215,NÃO,2061.0,2060.0,Domínio aplicável = Sim + Não; Não declarado coincide com circulação Aquavia + Saltado.
E02,Pavimentação,Faces,MUNICIPIO,V05407,Não,149.0,7.22950024260068,7.233009708737864,NÃO,2061.0,2060.0,Domínio aplicável = Sim + Não; Não declarado coincide com circulação Aquavia + Saltado.
E02,Pavimentação,Faces,MUNICIPIO,V05408,Não declarado,1.0,0.048520135856380396,,SIM,2061.0,2060.0,Domínio aplicável = Sim + Não; Não declarado coincide com circulação Aquavia + Saltado.
E03,Bueiro / boca de lobo,Domicílios,MUNICIPIO,V05009,Sim,14382.0,90.1579739217653,90.1579739217653,NÃO,15952.0,15952.0,Domínio aplicável = Sim + Não; Não declarado coincide com circulação Aquavia + Saltado.
E03,Bueiro / boca de lobo,Domicílios,MUNICIPIO,V05010,Não,1570.0,9.842026078234705,9.842026078234705,NÃO,15952.0,15952.0,Domínio aplicável = Sim + Não; Não declarado coincide com circulação Aquavia + Saltado.
E03,Bueiro / boca de lobo,Domicílios,MUNICIPIO,V05011,Não declarado,0.0,0.0,,SIM,15952.0,15952.0,Domínio aplicável = Sim + Não; Não declarado coincide com circulação Aquavia + Saltado.
E03,Bueiro / boca de lobo,Moradores,MUNICIPIO,V05209,Sim,41367.0,89.990863209189,89.990863209189,NÃO,45968.0,45968.0,Domínio aplicável = Sim + Não; Não declarado coincide com circulação Aquavia + Saltado.
E03,Bueiro / boca de lobo,Moradores,MUNICIPIO,V05210,Não,4601.0,10.009136790810999,10.009136790810999,NÃO,45968.0,45968.0,Domínio aplicável = Sim + Não; Não declarado coincide com circulação Aquavia + Saltado.
E03,Bueiro / boca de lobo,Moradores,MUNICIPIO,V05211,Não declarado,0.0,0.0,,SIM,45968.0,45968.0,Domínio aplicável = Sim + Não; Não declarado coincide com circulação Aquavia + Saltado.
E03,Bueiro / boca de lobo,Faces,MUNICIPIO,V05409,Sim,1730.0,83.9398350315381,83.98058252427184,NÃO,2061.0,2060.0,Domínio aplicável = Sim + Não; Não declarado coincide com circulação Aquavia + Saltado.
E03,Bueiro / boca de lobo,Faces,MUNICIPIO,V05410,Não,330.0,16.011644832605533,16.019417475728158,NÃO,2061.0,2060.0,Domínio aplicável = Sim + Não; Não declarado coincide com circulação Aquavia + Saltado.
E03,Bueiro / boca de lobo,Faces,MUNICIPIO,V05411,Não declarado,1.0,0.048520135856380396,,SIM,2061.0,2060.0,Domínio aplicável = Sim + Não; Não declarado coincide com circulação Aquavia + Saltado.
E04,Iluminação pública,Domicílios,MUNICIPIO,V05012,Sim,15767.0,98.84027081243731,98.84027081243731,NÃO,15952.0,15952.0,Domínio aplicável = Sim + Não; Não declarado coincide com circulação Aquavia + Saltado.
E04,Iluminação pública,Domicílios,MUNICIPIO,V05013,Não,185.0,1.159729187562688,1.159729187562688,NÃO,15952.0,15952.0,Domínio aplicável = Sim + Não; Não declarado coincide com circulação Aquavia + Saltado.
E04,Iluminação pública,Domicílios,MUNICIPIO,V05014,Não declarado,0.0,0.0,,SIM,15952.0,15952.0,Domínio aplicável = Sim + Não; Não declarado coincide com circulação Aquavia + Saltado.
E04,Iluminação pública,Moradores,MUNICIPIO,V05212,Sim,45423.0,98.81439262095371,98.81439262095371,NÃO,45968.0,45968.0,Domínio aplicável = Sim + Não; Não declarado coincide com circulação Aquavia + Saltado.
E04,Iluminação pública,Moradores,MUNICIPIO,V05213,Não,545.0,1.185607379046293,1.185607379046293,NÃO,45968.0,45968.0,Domínio aplicável = Sim + Não; Não declarado coincide com circulação Aquavia + Saltado.
E04,Iluminação pública,Moradores,MUNICIPIO,V05214,Não declarado,0.0,0.0,,SIM,45968.0,45968.0,Domínio aplicável = Sim + Não; Não declarado coincide com circulação Aquavia + Saltado.
E04,Iluminação pública,Faces,MUNICIPIO,V05412,Sim,1970.0,95.58466763706939,95.63106796116504,NÃO,2061.0,2060.0,Domínio aplicável = Sim + Não; Não declarado coincide com circulação Aquavia + Saltado.
E04,Iluminação pública,Faces,MUNICIPIO,V05413,Não,90.0,4.366812227074235,4.368932038834951,NÃO,2061.0,2060.0,Domínio aplicável = Sim + Não; Não declarado coincide com circulação Aquavia + Saltado.
E04,Iluminação pública,Faces,MUNICIPIO,V05414,Não declarado,1.0,0.048520135856380396,,SIM,2061.0,2060.0,Domínio aplicável = Sim + Não; Não declarado coincide com circulação Aquavia + Saltado.
E05,Ponto de ônibus,Domicílios,MUNICIPIO,V05015,Sim,2006.0,12.575225677031094,12.575225677031094,NÃO,15952.0,15952.0,Domínio aplicável = Sim + Não; Não declarado coincide com circulação Aquavia + Saltado.
E05,Ponto de ônibus,Domicílios,MUNICIPIO,V05016,Não,13946.0,87.42477432296891,87.42477432296891,NÃO,15952.0,15952.0,Domínio aplicável = Sim + Não; Não declarado coincide com circulação Aquavia + Saltado.
E05,Ponto de ônibus,Domicílios,MUNICIPIO,V05017,Não declarado,0.0,0.0,,SIM,15952.0,15952.0,Domínio aplicável = Sim + Não; Não declarado coincide com circulação Aquavia + Saltado.
E05,Ponto de ônibus,Moradores,MUNICIPIO,V05215,Sim,5587.0,12.154107205012183,12.154107205012183,NÃO,45968.0,45968.0,Domínio aplicável = Sim + Não; Não declarado coincide com circulação Aquavia + Saltado.
E05,Ponto de ônibus,Moradores,MUNICIPIO,V05216,Não,40381.0,87.84589279498782,87.84589279498782,NÃO,45968.0,45968.0,Domínio aplicável = Sim + Não; Não declarado coincide com circulação Aquavia + Saltado.
E05,Ponto de ônibus,Moradores,MUNICIPIO,V05217,Não declarado,0.0,0.0,,SIM,45968.0,45968.0,Domínio aplicável = Sim + Não; Não declarado coincide com circulação Aquavia + Saltado.
E05,Ponto de ônibus,Faces,MUNICIPIO,V05415,Sim,273.0,13.24599708879185,13.25242718446602,NÃO,2061.0,2060.0,Domínio aplicável = Sim + Não; Não declarado coincide com circulação Aquavia + Saltado.
E05,Ponto de ônibus,Faces,MUNICIPIO,V05416,Não,1787.0,86.70548277535177,86.74757281553399,NÃO,2061.0,2060.0,Domínio aplicável = Sim + Não; Não declarado coincide com circulação Aquavia + Saltado.
E05,Ponto de ônibus,Faces,MUNICIPIO,V05417,Não declarado,1.0,0.048520135856380396,,SIM,2061.0,2060.0,Domínio aplicável = Sim + Não; Não declarado coincide com circulação Aquavia + Saltado.
E06,Via sinalizada para bicicleta,Domicílios,MUNICIPIO,V05018,Sim,212.0,1.328986960882648,1.328986960882648,NÃO,15952.0,15952.0,Domínio aplicável = Sim + Não; Não declarado coincide com circulação Aquavia + Saltado.
E06,Via sinalizada para bicicleta,Domicílios,MUNICIPIO,V05019,Não,15740.0,98.67101303911735,98.67101303911735,NÃO,15952.0,15952.0,Domínio aplicável = Sim + Não; Não declarado coincide com circulação Aquavia + Saltado.
E06,Via sinalizada para bicicleta,Domicílios,MUNICIPIO,V05020,Não declarado,0.0,0.0,,SIM,15952.0,15952.0,Domínio aplicável = Sim + Não; Não declarado coincide com circulação Aquavia + Saltado.
E06,Via sinalizada para bicicleta,Moradores,MUNICIPIO,V05218,Sim,586.0,1.2747998607727116,1.2747998607727116,NÃO,45968.0,45968.0,Domínio aplicável = Sim + Não; Não declarado coincide com circulação Aquavia + Saltado.
E06,Via sinalizada para bicicleta,Moradores,MUNICIPIO,V05219,Não,45382.0,98.72520013922728,98.72520013922728,NÃO,45968.0,45968.0,Domínio aplicável = Sim + Não; Não declarado coincide com circulação Aquavia + Saltado.
E06,Via sinalizada para bicicleta,Moradores,MUNICIPIO,V05220,Não declarado,0.0,0.0,,SIM,45968.0,45968.0,Domínio aplicável = Sim + Não; Não declarado coincide com circulação Aquavia + Saltado.
E06,Via sinalizada para bicicleta,Faces,MUNICIPIO,V05418,Sim,40.0,1.9408054342552157,1.9417475728155338,NÃO,2061.0,2060.0,Domínio aplicável = Sim + Não; Não declarado coincide com circulação Aquavia + Saltado.
E06,Via sinalizada para bicicleta,Faces,MUNICIPIO,V05419,Não,2020.0,98.0106744298884,98.05825242718447,NÃO,2061.0,2060.0,Domínio aplicável = Sim + Não; Não declarado coincide com circulação Aquavia + Saltado.
E06,Via sinalizada para bicicleta,Faces,MUNICIPIO,V05420,Não declarado,1.0,0.048520135856380396,,SIM,2061.0,2060.0,Domínio aplicável = Sim + Não; Não declarado coincide com circulação Aquavia + Saltado.
E07,Calçada,Domicílios,MUNICIPIO,V05021,Sim,14306.0,89.6815446339017,89.6815446339017,NÃO,15952.0,15952.0,Domínio aplicável = Sim + Não; Não declarado coincide com circulação Aquavia + Saltado.
E07,Calçada,Domicílios,MUNICIPIO,V05022,Não,1646.0,10.318455366098295,10.318455366098295,NÃO,15952.0,15952.0,Domínio aplicável = Sim + Não; Não declarado coincide com circulação Aquavia + Saltado.
E07,Calçada,Domicílios,MUNICIPIO,V05023,Não declarado,0.0,0.0,,SIM,15952.0,15952.0,Domínio aplicável = Sim + Não; Não declarado coincide com circulação Aquavia + Saltado.
E07,Calçada,Moradores,MUNICIPIO,V05221,Sim,41208.0,89.64497041420118,89.64497041420118,NÃO,45968.0,45968.0,Domínio aplicável = Sim + Não; Não declarado coincide com circulação Aquavia + Saltado.
E07,Calçada,Moradores,MUNICIPIO,V05222,Não,4760.0,10.355029585798817,10.355029585798817,NÃO,45968.0,45968.0,Domínio aplicável = Sim + Não; Não declarado coincide com circulação Aquavia + Saltado.
E07,Calçada,Moradores,MUNICIPIO,V05223,Não declarado,0.0,0.0,,SIM,45968.0,45968.0,Domínio aplicável = Sim + Não; Não declarado coincide com circulação Aquavia + Saltado.
E07,Calçada,Faces,MUNICIPIO,V05421,Sim,1646.0,79.86414361960213,79.90291262135922,NÃO,2061.0,2060.0,Domínio aplicável = Sim + Não; Não declarado coincide com circulação Aquavia + Saltado.
E07,Calçada,Faces,MUNICIPIO,V05422,Não,414.0,20.087336244541483,20.097087378640776,NÃO,2061.0,2060.0,Domínio aplicável = Sim + Não; Não declarado coincide com circulação Aquavia + Saltado.
E07,Calçada,Faces,MUNICIPIO,V05423,Não declarado,1.0,0.048520135856380396,,SIM,2061.0,2060.0,Domínio aplicável = Sim + Não; Não declarado coincide com circulação Aquavia + Saltado.
E08,Obstáculo na calçada,Domicílios,MUNICIPIO,V05024,Sim,13474.0,84.46589769307924,94.18425835313855,NÃO,15952.0,14306.0,Domínio aplicável = Sim + Não; Não declarado coincide com ausência/não aplicação de calçada.
E08,Obstáculo na calçada,Domicílios,MUNICIPIO,V05025,Não,832.0,5.2156469408224675,5.815741646861457,NÃO,15952.0,14306.0,Domínio aplicável = Sim + Não; Não declarado coincide com ausência/não aplicação de calçada.
E08,Obstáculo na calçada,Domicílios,MUNICIPIO,V05026,Não declarado,1646.0,10.318455366098295,,SIM,15952.0,14306.0,Domínio aplicável = Sim + Não; Não declarado coincide com ausência/não aplicação de calçada.
E08,Obstáculo na calçada,Moradores,MUNICIPIO,V05224,Sim,38701.0,84.19117647058823,93.91622985827995,NÃO,45968.0,41208.0,Domínio aplicável = Sim + Não; Não declarado coincide com ausência/não aplicação de calçada.
E08,Obstáculo na calçada,Moradores,MUNICIPIO,V05225,Não,2507.0,5.453793943612948,6.083770141720055,NÃO,45968.0,41208.0,Domínio aplicável = Sim + Não; Não declarado coincide com ausência/não aplicação de calçada.
E08,Obstáculo na calçada,Moradores,MUNICIPIO,V05226,Não declarado,4760.0,10.355029585798817,,SIM,45968.0,41208.0,Domínio aplicável = Sim + Não; Não declarado coincide com ausência/não aplicação de calçada.
E08,Obstáculo na calçada,Faces,MUNICIPIO,V05424,Sim,1452.0,70.45123726346434,88.21385176184691,NÃO,2061.0,1646.0,Domínio aplicável = Sim + Não; Não declarado coincide com ausência/não aplicação de calçada.
E08,Obstáculo na calçada,Faces,MUNICIPIO,V05425,Não,194.0,9.412906356137798,11.7861482381531,NÃO,2061.0,1646.0,Domínio aplicável = Sim + Não; Não declarado coincide com ausência/não aplicação de calçada.
E08,Obstáculo na calçada,Faces,MUNICIPIO,V05426,Não declarado,415.0,20.135856380397865,,SIM,2061.0,1646.0,Domínio aplicável = Sim + Não; Não declarado coincide com ausência/não aplicação de calçada.
E09,Rampa para cadeirante,Domicílios,MUNICIPIO,V05027,Sim,524.0,3.284854563691073,3.662798825667552,NÃO,15952.0,14306.0,Domínio aplicável = Sim + Não; Não declarado coincide com ausência/não aplicação de calçada.
E09,Rampa para cadeirante,Domicílios,MUNICIPIO,V05028,Não,13782.0,86.39669007021064,96.33720117433245,NÃO,15952.0,14306.0,Domínio aplicável = Sim + Não; Não declarado coincide com ausência/não aplicação de calçada.
E09,Rampa para cadeirante,Domicílios,MUNICIPIO,V05029,Não declarado,1646.0,10.318455366098295,,SIM,15952.0,14306.0,Domínio aplicável = Sim + Não; Não declarado coincide com ausência/não aplicação de calçada.
E09,Rampa para cadeirante,Moradores,MUNICIPIO,V05227,Sim,1526.0,3.3197006613296205,3.703164434090468,NÃO,45968.0,41208.0,Domínio aplicável = Sim + Não; Não declarado coincide com ausência/não aplicação de calçada.
E09,Rampa para cadeirante,Moradores,MUNICIPIO,V05228,Não,39682.0,86.32526975287156,96.29683556590953,NÃO,45968.0,41208.0,Domínio aplicável = Sim + Não; Não declarado coincide com ausência/não aplicação de calçada.
E09,Rampa para cadeirante,Moradores,MUNICIPIO,V05229,Não declarado,4760.0,10.355029585798817,,SIM,45968.0,41208.0,Domínio aplicável = Sim + Não; Não declarado coincide com ausência/não aplicação de calçada.
E09,Rampa para cadeirante,Faces,MUNICIPIO,V05427,Sim,115.0,5.5798156234837455,6.986634264884568,NÃO,2061.0,1646.0,Domínio aplicável = Sim + Não; Não declarado coincide com ausência/não aplicação de calçada.
E09,Rampa para cadeirante,Faces,MUNICIPIO,V05428,Não,1531.0,74.28432799611839,93.01336573511543,NÃO,2061.0,1646.0,Domínio aplicável = Sim + Não; Não declarado coincide com ausência/não aplicação de calçada.
E09,Rampa para cadeirante,Faces,MUNICIPIO,V05429,Não declarado,415.0,20.135856380397865,,SIM,2061.0,1646.0,Domínio aplicável = Sim + Não; Não declarado coincide com ausência/não aplicação de calçada.
E10,Arborização,Domicílios,MUNICIPIO,V05030,Sem árvores,3743.0,23.464142427281846,23.464142427281846,NÃO,15952.0,15952.0,Domínio aplicável = classes substantivas de arborização; Saltado fica fora.
E10,Arborização,Domicílios,MUNICIPIO,V05031,1 a 2 árvores,4222.0,26.466900702106315,26.466900702106315,NÃO,15952.0,15952.0,Domínio aplicável = classes substantivas de arborização; Saltado fica fora.
E10,Arborização,Domicílios,MUNICIPIO,V05032,3 a 4 árvores,2213.0,13.872868605817452,13.872868605817452,NÃO,15952.0,15952.0,Domínio aplicável = classes substantivas de arborização; Saltado fica fora.
E10,Arborização,Domicílios,MUNICIPIO,V05033,5 ou mais árvores,5774.0,36.19608826479438,36.19608826479438,NÃO,15952.0,15952.0,Domínio aplicável = classes substantivas de arborização; Saltado fica fora.
E10,Arborização,Domicílios,MUNICIPIO,V05034,Saltado,0.0,0.0,,SIM,15952.0,15952.0,Domínio aplicável = classes substantivas de arborização; Saltado fica fora.
E10,Arborização,Moradores,MUNICIPIO,V05230,Sem árvores,10529.0,22.905064392620954,22.905064392620954,NÃO,45968.0,45968.0,Domínio aplicável = classes substantivas de arborização; Saltado fica fora.
E10,Arborização,Moradores,MUNICIPIO,V05231,1 a 2 árvores,12059.0,26.23346675948486,26.23346675948486,NÃO,45968.0,45968.0,Domínio aplicável = classes substantivas de arborização; Saltado fica fora.
E10,Arborização,Moradores,MUNICIPIO,V05232,3 a 4 árvores,6579.0,14.312130177514792,14.312130177514792,NÃO,45968.0,45968.0,Domínio aplicável = classes substantivas de arborização; Saltado fica fora.
E10,Arborização,Moradores,MUNICIPIO,V05233,5 ou mais árvores,16801.0,36.54933867037939,36.54933867037939,NÃO,45968.0,45968.0,Domínio aplicável = classes substantivas de arborização; Saltado fica fora.
E10,Arborização,Moradores,MUNICIPIO,V05234,Saltado,0.0,0.0,,SIM,45968.0,45968.0,Domínio aplicável = classes substantivas de arborização; Saltado fica fora.
E10,Arborização,Faces,MUNICIPIO,V05430,Sem árvores,629.0,30.519165453663273,30.533980582524272,NÃO,2061.0,2060.0,Domínio aplicável = classes substantivas de arborização; Saltado fica fora.
E10,Arborização,Faces,MUNICIPIO,V05431,1 a 2 árvores,418.0,20.281416787967007,20.29126213592233,NÃO,2061.0,2060.0,Domínio aplicável = classes substantivas de arborização; Saltado fica fora.
E10,Arborização,Faces,MUNICIPIO,V05432,3 a 4 árvores,261.0,12.663755458515283,12.669902912621358,NÃO,2061.0,2060.0,Domínio aplicável = classes substantivas de arborização; Saltado fica fora.
E10,Arborização,Faces,MUNICIPIO,V05433,5 ou mais árvores,752.0,36.48714216399806,36.50485436893204,NÃO,2061.0,2060.0,Domínio aplicável = classes substantivas de arborização; Saltado fica fora.
E10,Arborização,Faces,MUNICIPIO,V05434,Saltado,1.0,0.048520135856380396,,SIM,2061.0,2060.0,Domínio aplicável = classes substantivas de arborização; Saltado fica fora.
